"Dauer","Zieldauer","Stufe","Art","werbe","kunde","daten","adresse","pers","karte","cash","aktiv","konto","kontonummer","kartennummer","ldauer","karteninhaber","servicekartennummer","fidd","gleich","tabelle","vorname","entsprechen","mailadresse","kombinationen","werbeeinverstaendnis","gold","mehr","nein","seit","ziel","score","wuerde","auswerten","sindliste","information","geko","hallo","broker","aktivkunde","datei","kombi","aktuell","standard","giro","mind","siehe","einzel","format","kommen","bereits","viele","umsatz","zeitraum","beigefuegt","natuerliche","abrechnungskonto","info","land","danke","gruppe","letzte","basis","datenfeld","angabe","porsche","produkt","anzahl","steuer","kampagne","konten","stellung","abrechnung","kreditkarte","erst","monat","kontotyp","felder","benoetige","vorhanden","privat","name","card","personennummer","zahl","priv","stand","business","zeit","noetig","darlehen","folge","mail","datum","status","darl","liste","feld","world","kontoinhaber","auswertung","inhaber","person","nummer"
1.84444444444444,10.2576388888889,0,1,0,0.0666666666666667,0.133333333333333,0,0.0666666666666667,0,0,0,0,0,0,0.612178118026278,0,0,0,0,0,0,0,0,0,0,0,0,0,0,0,0,0,0,0,0,0.0666666666666667,0,0,0,0,0,0,0,0,0,0,0,0,0,0,0,0,0,0,0,0,0,0,0,0,0,0,0.0666666666666667,0,0,0,0,0,0,0,0,0,0,0,0,0,0,0.0666666666666667,0,0,0,0,0.0666666666666667,0,0,0,0,0,0.0666666666666667,0,0,0,0,0,0,0,0,0,0,0,0,0.0666666666666667,0
2.98819444444444,13.4993055555556,1,1,0,0.0277777777777778,0,0,0,0.0277777777777778,0.0555555555555556,0,0.0555555555555556,0.0277777777777778,0.0277777777777778,1.09466934026855,0.0277777777777778,0.0277777777777778,0,0,0,0.0277777777777778,0,0,0,0,0,0,0,0,0,0,0,0,0,0.0277777777777778,0,0,0,0,0,0,0,0,0.0277777777777778,0,0,0,0.0277777777777778,0,0,0,0.0277777777777778,0,0,0,0,0.0277777777777778,0,0,0,0.0277777777777778,0.0277777777777778,0,0.0277777777777778,0,0.0277777777777778,0.0277777777777778,0,0,0.0555555555555556,0,0,0,0,0.0277777777777778,0,0,0,0,0,0.0277777777777778,0,0,0.0277777777777778,0,0,0,0,0,0,0.0277777777777778,0,0.0277777777777778,0,0,0,0,0,0,0,0,0,0.0277777777777778
1.97222222222222,4.51319444444444,1,1,0,0.0476190476190476,0,0,0,0,0.0476190476190476,0.0476190476190476,0,0,0,0.679160938585205,0,0,0,0,0,0,0,0,0,0,0,0,0,0,0,0,0,0,0.0476190476190476,0,0.0476190476190476,0,0,0,0,0,0,0,0,0,0,0,0,0.0476190476190476,0,0,0,0,0,0,0,0,0,0,0,0,0.0476190476190476,0,0,0,0.0952380952380952,0.0476190476190476,0,0,0,0,0,0,0,0,0,0,0,0,0.0476190476190476,0,0,0,0.0476190476190476,0.0476190476190476,0,0,0,0,0.0476190476190476,0,0,0,0,0.0476190476190476,0,0,0,0,0,0,0,0
7.94444444444444,12.4076388888889,1,1,0,0.04,0,0,0,0,0,0,0,0,0,2.07247287236374,0,0,0,0,0,0,0.04,0,0,0,0,0,0,0,0,0,0,0,0.04,0.04,0,0,0,0,0.04,0,0,0,0,0.04,0,0,0.04,0,0,0.04,0,0,0.04,0,0,0.04,0,0.04,0,0,0,0,0,0,0,0,0,0,0,0.08,0,0,0,0,0,0,0,0,0,0,0,0,0,0,0,0,0,0,0,0,0,0,0,0,0,0,0,0,0,0,0,0.04
13.0222222222222,19.5208333333333,0,0,0,0.0422535211267606,0,0,0,0,0.0422535211267606,0,0,0,0,2.56665729980669,0,0,0,0,0,0,0,0,0,0,0,0,0,0,0,0,0.0140845070422535,0,0,0,0,0.0140845070422535,0,0,0,0,0,0,0,0.0422535211267606,0,0,0,0,0.0140845070422535,0.0140845070422535,0.028169014084507,0,0,0,0,0,0,0,0,0,0.028169014084507,0,0,0,0,0.0563380281690141,0,0,0,0,0,0,0,0.0140845070422535,0,0,0.0140845070422535,0,0,0,0,0,0.0563380281690141,0,0,0,0,0.0140845070422535,0,0.0140845070422535,0,0,0,0,0,0,0,0,0.0422535211267606,0,0,0
2.91736111111111,6.47361111111111,0,1,0,0.024390243902439,0,0,0,0,0,0,0,0,0,1.07067947859934,0,0,0,0,0.024390243902439,0,0,0,0,0,0,0,0.024390243902439,0,0,0,0,0,0,0.0487804878048781,0,0,0,0,0,0,0,0,0,0,0,0,0.0487804878048781,0,0.024390243902439,0,0,0,0,0,0,0.0487804878048781,0,0,0,0,0,0,0,0,0,0,0,0,0.0731707317073171,0,0,0,0,0,0,0,0,0.024390243902439,0,0,0,0,0,0,0,0,0,0.024390243902439,0.0975609756097561,0,0,0,0,0.0975609756097561,0,0,0,0,0.024390243902439,0,0,0
15.20625,20.5993055555556,0,1,0,0,0,0,0,0,0,0,0.08,0.04,0,2.7217065275497,0,0,0,0,0,0,0,0,0,0,0,0,0.08,0.12,0,0,0,0,0,0,0,0,0,0,0,0,0,0,0,0,0,0.04,0,0,0,0,0,0,0,0,0,0,0,0,0,0.04,0,0,0,0,0.04,0,0,0,0.04,0,0,0,0,0,0,0,0,0,0,0,0,0,0,0,0,0,0,0,0,0,0,0.08,0,0,0,0,0,0.04,0,0.04,0,0.04
4.21805555555556,6.59444444444444,0,1,0,0.0952380952380952,0.0238095238095238,0.0238095238095238,0.0238095238095238,0.142857142857143,0,0,0.119047619047619,0,0.0714285714285714,1.43937425303565,0.0476190476190476,0.0476190476190476,0,0,0,0.0476190476190476,0,0,0.0238095238095238,0,0,0,0,0,0,0,0,0,0,0,0,0,0,0,0,0.0238095238095238,0,0,0,0,0,0,0,0,0,0,0,0,0,0,0.0238095238095238,0,0,0,0,0,0.0238095238095238,0.0238095238095238,0,0.0238095238095238,0,0,0,0,0,0,0.0476190476190476,0.0714285714285714,0,0,0.0476190476190476,0,0,0,0,0.0476190476190476,0.0238095238095238,0.0238095238095238,0,0,0.0238095238095238,0,0,0.0714285714285714,0,0,0,0,0.0238095238095238,0,0,0,0,0.0238095238095238,0,0.0476190476190476,0.0238095238095238,0.0714285714285714
13.0715277777778,15.4590277777778,0,1,0,0.00934579439252336,0.0186915887850467,0,0.0186915887850467,0,0.0186915887850467,0.0467289719626168,0.0747663551401869,0.0467289719626168,0,2.57043641275413,0,0,0,0,0,0.0186915887850467,0,0,0,0,0,0.00934579439252336,0,0,0,0,0,0,0,0,0.0373831775700935,0,0,0.00934579439252336,0,0,0.0186915887850467,0,0.00934579439252336,0,0.0373831775700935,0,0,0.0186915887850467,0,0,0.0280373831775701,0,0,0,0.0280373831775701,0,0,0,0,0.0186915887850467,0,0.0186915887850467,0.00934579439252336,0,0.00934579439252336,0.00934579439252336,0,0,0.0467289719626168,0,0,0,0,0,0.0280373831775701,0.0186915887850467,0,0.00934579439252336,0,0.0186915887850467,0,0.0186915887850467,0.00934579439252336,0,0.00934579439252336,0,0,0,0,0,0,0.0373831775700935,0.0186915887850467,0,0,0.0186915887850467,0,0.0280373831775701,0.0186915887850467,0,0.0186915887850467,0.0373831775700935
10.73125,18.3451388888889,0,1,0,0.0869565217391304,0,0,0,0.0869565217391304,0,0.0434782608695652,0.0434782608695652,0,0.0434782608695652,2.37316004566365,0.0434782608695652,0,0,0,0,0,0,0,0,0,0,0,0,0,0,0,0,0,0,0,0,0,0,0.0434782608695652,0,0,0,0,0,0,0,0,0,0,0,0,0,0,0,0,0.0434782608695652,0,0,0,0,0,0,0,0.0434782608695652,0,0,0,0,0,0.0434782608695652,0,0.0434782608695652,0.0434782608695652,0,0,0,0.0434782608695652,0,0,0.0434782608695652,0.0434782608695652,0.0434782608695652,0,0,0.0434782608695652,0,0.0869565217391304,0,0,0,0.0434782608695652,0,0,0,0,0,0.0434782608695652,0,0,0,0.0434782608695652,0,0.0434782608695652
0.950694444444444,6.55277777777778,1,0,0,0.125,0,0,0,0,0,0,0,0,0,-0.0505625672815976,0,0,0,0,0,0,0,0.0625,0,0,0,0,0.0625,0,0,0,0,0,0,0,0,0,0,0,0,0,0,0,0,0,0,0,0,0,0,0,0,0,0,0,0,0,0,0,0,0,0,0,0,0,0,0,0,0,0,0.0625,0,0,0,0,0,0,0,0,0,0,0,0,0,0,0,0,0,0,0,0,0.0625,0,0,0,0,0,0,0,0,0,0,0
9.97777777777778,4.35694444444444,0,1,0,0,0.0416666666666667,0,0,0,0,0,0,0,0,2.30036039797193,0,0,0,0,0,0,0,0,0,0,0,0,0,0,0,0,0,0,0,0,0,0.0416666666666667,0,0,0,0,0,0,0,0,0,0,0,0,0.0416666666666667,0,0,0,0,0,0,0,0,0.0416666666666667,0,0,0,0.0416666666666667,0,0,0,0,0,0,0,0,0,0,0,0,0,0,0,0,0,0,0,0,0,0,0,0,0,0,0,0,0,0,0,0,0,0,0,0,0.0416666666666667,0,0,0
10.0111111111111,10.3875,0,1,0,0.0760869565217391,0,0.0108695652173913,0.0108695652173913,0.184782608695652,0,0,0.0217391304347826,0,0.0326086956521739,2.30369558727807,0.0326086956521739,0.0217391304347826,0.0108695652173913,0,0,0.0326086956521739,0,0.0108695652173913,0.0108695652173913,0,0,0,0,0,0.0108695652173913,0,0,0,0.0108695652173913,0,0,0,0,0,0,0.0108695652173913,0,0,0,0,0,0,0,0,0,0,0,0.0217391304347826,0,0,0,0,0.0108695652173913,0,0,0.0108695652173913,0,0,0,0,0,0.0108695652173913,0,0,0,0.0108695652173913,0,0.0108695652173913,0,0,0.0108695652173913,0,0,0,0,0.0326086956521739,0.0108695652173913,0.0108695652173913,0.0326086956521739,0,0,0.0326086956521739,0.0217391304347826,0.0108695652173913,0,0,0.0108695652173913,0.0326086956521739,0.0108695652173913,0,0,0,0.0434782608695652,0.0108695652173913,0.0108695652173913,0.0326086956521739,0.0108695652173913,0.0434782608695652
10.16875,0.547916666666667,0,1,0,0.0416666666666667,0,0,0.0416666666666667,0.0416666666666667,0,0,0,0,0,2.31931929198521,0,0,0,0,0.0416666666666667,0,0,0,0,0,0,0,0,0,0,0,0,0,0,0,0,0,0,0,0,0,0,0,0,0,0,0,0,0,0,0,0,0,0,0,0,0,0,0,0,0,0,0,0,0.0416666666666667,0,0,0,0,0,0,0,0,0,0,0,0,0.0416666666666667,0.0416666666666667,0,0,0,0.0416666666666667,0,0,0,0,0,0.0416666666666667,0,0,0.0833333333333333,0,0,0,0,0,0,0,0,0,0.0416666666666667,0.125
11.2534722222222,6.63263888888889,0,1,0,0.03125,0,0,0.015625,0,0,0.03125,0.03125,0.015625,0,2.4206767230056,0,0,0,0,0,0,0,0,0,0,0,0,0,0,0,0,0,0,0.03125,0,0,0,0,0,0,0,0.015625,0,0.015625,0,0,0,0,0,0,0.015625,0,0,0,0,0.015625,0,0,0,0,0,0.015625,0,0.015625,0,0.015625,0.015625,0,0,0,0,0,0,0,0,0.015625,0.015625,0,0.03125,0,0,0,0.015625,0.015625,0,0,0,0,0,0.015625,0.015625,0,0,0,0.015625,0.03125,0.015625,0,0.03125,0,0.015625,0.015625,0
0.0840277777777778,7.37916666666667,0,0,0,0,0,0,0,0,0,0,0,0,0,-2.47660784697331,0,0,0,0,0,0,0,0,0,0,0,0,0,0,0,0,0,0,0,0,0,0,0,0,0,0,0,0,0,0,0,0,0,0,0,0,0,0.024390243902439,0,0,0,0,0,0,0,0,0,0,0,0,0,0,0,0,0.024390243902439,0,0,0,0,0,0,0,0,0,0,0,0,0,0,0,0,0,0.024390243902439,0,0.0975609756097561,0,0,0.024390243902439,0,0.0975609756097561,0,0,0,0,0.0487804878048781,0,0,0
7.95486111111111,9.52638888888889,1,1,0,0.0416666666666667,0.0694444444444444,0.0833333333333333,0.0138888888888889,0,0.0138888888888889,0,0,0,0,2.07378320231755,0,0,0,0,0.0138888888888889,0,0,0.0833333333333333,0,0,0,0.0138888888888889,0,0.0416666666666667,0,0,0,0,0,0,0,0,0,0,0,0,0.0277777777777778,0,0,0,0,0,0,0,0,0,0,0,0,0,0,0,0,0,0,0.0138888888888889,0,0.0138888888888889,0,0,0,0,0,0,0,0,0,0,0,0,0,0.0138888888888889,0,0.0138888888888889,0,0,0,0.0138888888888889,0,0,0,0,0,0,0,0,0.0138888888888889,0.0277777777777778,0.0138888888888889,0,0,0.0138888888888889,0,0,0,0,0.0138888888888889,0.0138888888888889
15.1666666666667,6.54583333333333,0,1,0,0.0555555555555556,0,0,0,0.0925925925925926,0,0,0.12962962962963,0,0.0555555555555556,2.7191000372888,0.0555555555555556,0.0555555555555556,0,0,0,0,0,0,0,0,0,0,0,0,0,0,0,0,0.0555555555555556,0,0,0,0,0,0,0,0,0,0,0,0,0,0,0,0,0,0,0,0,0,0.037037037037037,0,0,0,0,0,0,0,0,0,0,0,0,0,0.0185185185185185,0,0.0555555555555556,0.0185185185185185,0.0185185185185185,0,0.0740740740740741,0,0,0,0,0,0,0,0,0,0,0,0,0,0,0.0185185185185185,0.0185185185185185,0,0,0,0.037037037037037,0,0,0.0185185185185185,0,0.037037037037037,0,0.0185185185185185
20.2548611111111,6.63472222222222,1,1,0,0.0776699029126214,0,0,0.0679611650485437,0,0.0388349514563107,0.116504854368932,0.0776699029126214,0,0,3.00839481961367,0,0,0,0,0,0,0,0,0,0,0,0,0,0,0,0,0,0,0.0388349514563107,0,0,0.00970873786407767,0,0.116504854368932,0.00970873786407767,0,0,0.00970873786407767,0,0,0,0,0,0.0194174757281553,0,0,0,0,0,0.0388349514563107,0,0,0,0.00970873786407767,0,0,0,0,0,0,0,0,0,0,0,0,0,0,0,0.0194174757281553,0,0,0.0194174757281553,0,0,0,0,0.0679611650485437,0,0,0.00970873786407767,0,0,0.0194174757281553,0,0.00970873786407767,0,0,0.029126213592233,0,0.0485436893203883,0,0,0.0776699029126214,0,0.0776699029126214,0.0679611650485437,0.00970873786407767
26.1409722222222,13.5215277777778,0,1,0,0.0540540540540541,0.027027027027027,0,0,0,0,0,0,0,0,3.26350390039741,0,0,0,0.027027027027027,0,0,0,0,0,0,0,0,0,0,0,0,0,0,0,0,0,0,0,0.027027027027027,0,0,0.027027027027027,0,0,0,0,0,0,0,0,0.027027027027027,0,0,0,0,0,0,0,0,0,0,0.027027027027027,0,0,0,0.0540540540540541,0,0,0,0,0,0,0,0,0,0,0,0.027027027027027,0.0540540540540541,0,0,0,0,0,0,0,0,0,0.027027027027027,0,0,0,0,0,0,0,0,0,0,0,0,0,0
23.88125,11.2618055555556,0,1,0,0.0588235294117647,0.0588235294117647,0,0,0.0588235294117647,0,0,0.0588235294117647,0,0.0294117647058824,3.17309363221307,0.0294117647058824,0,0,0.0294117647058824,0,0,0,0,0,0,0,0,0,0,0.0294117647058824,0,0,0,0,0,0,0,0,0,0,0,0,0,0,0,0,0,0,0,0,0,0,0,0,0,0.0588235294117647,0,0,0,0,0,0,0.0294117647058824,0,0,0.0588235294117647,0,0,0,0,0,0.0588235294117647,0.0294117647058824,0,0,0,0,0,0,0,0.0294117647058824,0.0588235294117647,0,0,0,0,0,0,0.0294117647058824,0,0,0,0,0,0,0,0,0,0,0.0294117647058824,0.0294117647058824,0,0.0294117647058824
26.79375,6.17430555555556,0,1,0,0,0.0357142857142857,0,0.0357142857142857,0.0357142857142857,0,0,0.0357142857142857,0.0714285714285714,0.0714285714285714,3.28816865136415,0,0.0357142857142857,0,0,0,0,0,0,0,0,0,0,0,0,0,0,0,0,0,0,0,0,0,0,0,0,0.0357142857142857,0,0,0,0,0,0,0,0,0,0,0,0,0,0.0357142857142857,0,0,0.0357142857142857,0,0,0,0,0.0357142857142857,0,0.0357142857142857,0,0,0,0,0,0.0357142857142857,0.0357142857142857,0,0,0,0,0,0,0,0,0.0714285714285714,0.0714285714285714,0,0,0.0357142857142857,0,0,0,0,0.0357142857142857,0,0.0357142857142857,0,0,0,0,0,0,0.0357142857142857,0,0.0357142857142857,0.142857142857143
27.01875,7.39930555555556,0,1,0,0,0.03125,0,0.03125,0.03125,0,0,0,0,0.015625,3.2965310694338,0,0,0,0,0,0,0,0,0,0,0,0,0,0,0,0,0,0,0.03125,0,0,0,0,0,0.03125,0,0,0,0,0,0,0,0,0,0,0,0,0,0,0,0,0,0.015625,0,0,0,0,0,0.015625,0,0,0,0,0,0,0.015625,0,0.03125,0,0,0,0,0,0,0,0,0,0.03125,0,0,0,0.015625,0,0,0,0.03125,0.03125,0,0,0,0,0,0,0,0.015625,0,0.03125,0.0625
17.0638888888889,16.4159722222222,0,1,0,0.0416666666666667,0,0,0.0833333333333333,0,0,0.0416666666666667,0,0,0,2.83696446971377,0,0,0,0,0,0,0.0416666666666667,0,0,0,0,0,0,0.0416666666666667,0,0,0,0,0,0,0,0,0,0.0416666666666667,0,0,0,0,0,0,0,0,0,0,0.0416666666666667,0,0,0,0,0,0,0,0,0.0416666666666667,0,0,0,0,0,0,0,0,0,0.0416666666666667,0,0,0,0,0,0,0,0,0.0416666666666667,0,0,0,0,0.0833333333333333,0,0,0,0,0,0.0416666666666667,0,0,0,0,0,0,0.0416666666666667,0,0,0,0.0416666666666667,0,0.0833333333333333,0.0416666666666667
27.9701388888889,8.35069444444444,1,1,0,0,0,0,0,0,0,0,0,0,0,3.33113747283933,0,0,0,0,0.0769230769230769,0,0,0,0,0,0,0,0,0,0,0,0,0,0,0,0,0,0,0,0,0,0.0769230769230769,0,0,0,0,0,0,0,0,0,0,0,0.0769230769230769,0,0,0,0,0,0,0,0.0769230769230769,0,0.0769230769230769,0,0,0,0,0,0,0,0,0,0,0,0,0,0,0,0,0,0,0,0,0,0,0,0,0,0,0,0,0,0,0,0,0,0,0,0,0,0,0
36.9645833333333,24.4506944444444,0,0,0,0,0.0204081632653061,0,0,0,0,0.0408163265306122,0,0,0,3.60996024702164,0,0,0,0,0,0,0,0.0612244897959184,0,0,0,0,0,0,0.0204081632653061,0.102040816326531,0.0408163265306122,0.0408163265306122,0,0,0,0,0.0408163265306122,0,0,0,0,0,0,0,0,0,0,0,0,0,0,0,0,0,0,0,0,0,0,0,0.0204081632653061,0,0,0,0,0,0,0.0612244897959184,0,0,0,0,0.0204081632653061,0,0,0,0,0,0,0,0,0,0,0,0,0,0,0,0,0,0.0612244897959184,0,0,0,0,0,0,0,0,0,0,0
33.1569444444444,13.5375,0,0,0,0,0.024390243902439,0,0,0,0,0.024390243902439,0.024390243902439,0,0,3.50125218019645,0,0,0,0,0,0,0,0,0,0,0,0,0,0,0.024390243902439,0,0,0,0,0,0,0,0,0,0,0,0,0,0,0,0.024390243902439,0.024390243902439,0,0,0,0,0,0,0,0,0,0,0,0,0,0,0,0,0,0,0,0,0,0,0,0.0487804878048781,0,0,0,0,0,0,0,0,0,0,0,0,0,0,0,0,0,0,0.024390243902439,0.024390243902439,0,0,0,0.024390243902439,0,0,0,0,0.0487804878048781,0,0,0
33.8340277777778,9.25694444444444,0,1,0,0,0,0,0,0.0909090909090909,0,0,0,0,0,3.52146703505465,0.0454545454545455,0,0,0,0,0,0,0,0,0,0,0,0,0,0,0,0,0,0.0454545454545455,0.0454545454545455,0,0,0,0,0,0,0,0,0,0,0,0,0,0,0,0,0,0,0,0,0,0.0454545454545455,0,0.0454545454545455,0,0,0,0,0,0,0,0,0,0.0454545454545455,0,0,0,0.0454545454545455,0,0,0,0,0,0,0,0,0,0,0,0,0,0,0,0,0,0,0,0,0,0,0,0,0,0,0,0.0454545454545455,0,0.0454545454545455
34.8701388888889,7.29583333333335,0,1,0,0.0588235294117647,0,0,0,0,0,0,0.0588235294117647,0.0588235294117647,0,3.55163084372777,0,0,0,0,0,0,0,0,0,0,0,0,0,0,0,0,0,0,0,0,0,0,0,0,0,0,0,0,0,0,0,0,0,0,0,0,0,0.0588235294117647,0,0,0,0,0,0,0,0,0,0,0,0,0,0,0,0,0,0.0588235294117647,0,0,0,0,0,0,0,0,0,0.0588235294117647,0,0,0,0,0,0,0.0588235294117647,0.117647058823529,0.117647058823529,0,0,0,0,0.117647058823529,0,0,0,0,0,0,0,0.0588235294117647
34.8833333333333,39.2625,0,1,0,0,0,0,0,0,0,0,0,0,0,3.5520091602239,0.0555555555555556,0,0,0.0555555555555556,0,0,0,0,0,0,0,0,0,0,0,0,0,0,0,0,0,0,0,0,0,0,0,0,0,0,0,0,0,0,0,0,0,0,0,0,0,0,0,0,0,0,0,0,0,0,0,0,0,0,0,0.0555555555555556,0.0555555555555556,0,0,0,0,0,0,0,0,0,0.0555555555555556,0,0,0,0,0,0,0,0,0,0.0555555555555556,0,0,0,0,0,0,0.0555555555555556,0.0555555555555556,0.0555555555555556,0,0
28.0993055555556,38.2638888888889,0,1,0,0,0,0,0,0,0.103448275862069,0,0.137931034482759,0,0,3.3357448627089,0,0,0,0,0,0,0,0,0,0,0,0,0,0,0,0,0,0,0,0,0,0,0,0,0,0,0,0.103448275862069,0.103448275862069,0,0,0,0,0,0,0,0,0,0,0,0,0,0,0,0,0,0,0,0.0344827586206897,0,0,0,0,0,0,0,0,0,0,0,0,0,0,0,0.103448275862069,0,0,0,0,0.103448275862069,0.103448275862069,0,0,0,0,0,0.0344827586206897,0,0,0,0,0,0,0.0689655172413793,0.0344827586206897,0.0689655172413793,0,0
12.9506944444444,4.43333333333333,0,1,0,0.0294117647058824,0,0,0,0,0.0294117647058824,0,0,0,0,2.5611494117614,0,0,0,0.0294117647058824,0,0,0,0,0,0,0,0,0,0,0,0,0,0,0,0,0,0,0,0,0,0,0,0,0,0,0,0,0,0,0,0,0,0.0294117647058824,0,0,0,0,0,0,0,0,0,0,0,0,0,0,0,0,0,0,0,0,0,0,0,0,0,0.0294117647058824,0,0,0,0,0.0294117647058824,0,0,0,0.0294117647058824,0,0,0,0,0,0,0,0,0,0,0,0.0294117647058824,0,0,0
28.8715277777778,13.5534722222222,0,1,0,0.0126582278481013,0.0253164556962025,0,0.0253164556962025,0,0.0126582278481013,0.0379746835443038,0.0759493670886076,0.0506329113924051,0,3.36285591149108,0,0,0,0,0,0.0253164556962025,0,0,0,0,0,0.0126582278481013,0,0,0,0,0,0,0,0,0.0506329113924051,0,0,0.0126582278481013,0,0,0.0253164556962025,0,0,0,0.0379746835443038,0,0,0.0253164556962025,0,0,0.0379746835443038,0,0,0,0.0253164556962025,0,0,0,0,0.0253164556962025,0,0.0253164556962025,0.0126582278481013,0,0,0,0,0,0.0632911392405063,0,0,0,0,0,0.0253164556962025,0.0253164556962025,0,0.0126582278481013,0,0.0253164556962025,0,0.0253164556962025,0,0,0.0126582278481013,0,0,0,0,0,0,0.0379746835443038,0.0126582278481013,0,0,0.0253164556962025,0,0.0253164556962025,0.0126582278481013,0,0.0253164556962025,0.0506329113924051
35.1708333333333,6.59375,1,0,0,0.0263157894736842,0.0263157894736842,0,0,0,0.0526315789473684,0,0,0,0,3.56021714064173,0,0,0,0,0,0,0,0,0,0,0,0,0,0.0263157894736842,0,0,0,0,0,0,0,0,0,0,0,0,0,0,0,0,0,0,0,0,0,0.0263157894736842,0,0,0,0,0,0,0,0.0263157894736842,0,0,0,0,0,0,0,0.0263157894736842,0,0,0,0,0,0,0,0,0,0,0.0263157894736842,0,0,0,0,0,0.0526315789473684,0,0,0,0,0.0263157894736842,0,0.0263157894736842,0,0,0,0,0,0,0,0,0,0,0,0
1.06736111111111,-0.35,0,0,0,0,0,0,0,0,0,0,0,0,0,0.0651893509685497,0,0,0,0,0,0,0,0,0,0,0,0,0,0,0,0,0,0,0,0,0,0,0,0,0,0,0,0,0,0,0,0,0,0,0,0,0,0,0,0,0,0,0,0,0,0,0,0,0,0,0,0,0,0,0,0,0,0,0,0,0,0,0,0,0,0,0,0,0,0,0,0,0,0,0,0,0,0,0,0,0,0,0,0,0,0,0,0
0.0104166666666667,-0.345138888888889,0,0,0,0,0,0,0,0,0,0,0,0,0,-4.56434819146784,0,0,0,0,0,0,0,0,0,0,0,0,0,0,0,0,0,0,0,0,0,0,0,0,0,0,0,0,0,0,0,0,0,0,0,0,0,0,0,0,0,0,0,0,0,0,0,0,0,0,0,0,0,0,0,0,0,0,0,0,0,0,0,0,0,0,0,0,0,0,0,0,0,0,0,0,0,0,0,0,0,0,0,0,0,0,0,0
40.0111111111111,21.4333333333333,1,0,0,0.046218487394958,0.0294117647058824,0.00420168067226891,0,0.00840336134453781,0.00420168067226891,0,0.00420168067226891,0.00420168067226891,0,3.68915719331861,0,0,0,0,0,0,0.00420168067226891,0,0,0,0,0,0,0,0,0,0.00420168067226891,0,0,0.00420168067226891,0,0,0,0.00840336134453781,0.00420168067226891,0,0.00420168067226891,0,0,0.00420168067226891,0,0,0.00840336134453781,0,0,0,0,0,0,0,0.00420168067226891,0,0.046218487394958,0,0.00420168067226891,0,0.00420168067226891,0.105042016806723,0,0.0126050420168067,0,0,0.0798319327731092,0,0,0,0,0.00840336134453781,0.00420168067226891,0,0.00420168067226891,0.0966386554621849,0,0.00420168067226891,0,0,0.00420168067226891,0,0,0,0.00840336134453781,0,0,0,0,0,0,0,0.00840336134453781,0,0,0.100840336134454,0,0.00420168067226891,0.00420168067226891,0,0,0.0420168067226891
42.0430555555556,16.4645833333333,1,1,0,0,0,0,0.0476190476190476,0.0476190476190476,0,0,0.142857142857143,0.0476190476190476,0,3.73869422546924,0,0,0,0,0,0,0,0,0,0,0,0,0,0,0,0,0,0,0,0,0.0476190476190476,0,0,0,0,0,0,0,0,0,0,0,0,0,0,0,0,0,0,0,0.0952380952380952,0,0,0,0,0,0,0,0,0,0,0,0,0,0,0,0.0952380952380952,0.0476190476190476,0,0,0,0,0,0.0476190476190476,0,0,0,0.0476190476190476,0,0,0,0,0,0,0,0,0,0,0,0,0,0,0,0,0,0,0.0476190476190476,0.142857142857143
42.8819444444444,15.3055555555556,1,1,0,0.0253164556962025,0.0379746835443038,0,0,0.0506329113924051,0,0,0,0,0.0253164556962025,3.75845086192018,0.0253164556962025,0.0253164556962025,0,0,0,0,0,0,0,0,0,0.0253164556962025,0,0,0.0126582278481013,0,0,0,0.0506329113924051,0.0126582278481013,0,0,0,0,0.0126582278481013,0,0.0126582278481013,0,0,0,0,0,0.0126582278481013,0.0126582278481013,0,0,0,0,0.0253164556962025,0,0,0.0126582278481013,0,0,0,0,0,0.0253164556962025,0,0,0,0,0,0,0,0,0,0.0379746835443038,0,0,0,0.0126582278481013,0.0126582278481013,0,0,0,0,0,0,0,0.0253164556962025,0,0,0.0126582278481013,0,0.0126582278481013,0,0,0,0,0.0379746835443038,0.0126582278481013,0,0,0.0379746835443038,0,0,0
45.1041666666667,6.52847222222222,1,1,0,0.0666666666666667,0.0666666666666667,0,0,0,0,0,0,0,0,3.8089746295287,0,0,0,0,0,0,0,0,0,0,0,0,0,0,0,0,0,0,0.0666666666666667,0,0,0,0,0,0,0,0,0,0,0,0,0,0,0,0,0,0,0,0.0666666666666667,0,0,0,0,0.0666666666666667,0,0,0,0,0,0,0,0,0,0,0,0,0,0,0,0,0,0,0,0,0,0,0,0,0,0,0,0,0,0,0,0,0,0,0,0,0,0,0,0,0,0,0,0
26.1208333333333,43.3979166666667,1,1,0,0.0818181818181818,0,0,0.0636363636363636,0,0.0363636363636364,0.109090909090909,0.0727272727272727,0,0,3.26273320793198,0,0,0,0,0,0,0,0,0,0,0,0,0,0,0,0,0,0,0.0363636363636364,0.00909090909090909,0,0.00909090909090909,0,0.109090909090909,0.00909090909090909,0,0,0.00909090909090909,0,0,0,0,0,0.0181818181818182,0,0,0,0,0,0.0363636363636364,0,0.00909090909090909,0,0.00909090909090909,0,0,0,0,0,0,0,0,0,0,0,0,0,0,0,0.0181818181818182,0,0,0.0181818181818182,0,0,0,0,0.0636363636363636,0,0,0.00909090909090909,0,0,0.0181818181818182,0,0.00909090909090909,0,0,0.0272727272727273,0,0.0454545454545455,0,0,0.0727272727272727,0,0.0727272727272727,0.0636363636363636,0.00909090909090909
47.14375,21.5666666666667,1,1,0,0.0140845070422535,0,0,0.028169014084507,0.0985915492957746,0.028169014084507,0.0140845070422535,0.0422535211267606,0,0.028169014084507,3.8532014446198,0.0140845070422535,0.028169014084507,0.0140845070422535,0,0,0.0563380281690141,0.0140845070422535,0,0.0140845070422535,0,0,0,0,0,0,0,0,0,0,0,0,0,0,0,0,0.0140845070422535,0,0,0,0,0,0.0140845070422535,0,0,0,0,0.0422535211267606,0,0,0,0.0140845070422535,0,0.028169014084507,0,0,0,0,0,0.0140845070422535,0,0,0,0,0,0,0,0.0140845070422535,0,0,0,0.028169014084507,0,0,0,0,0.0563380281690141,0.0140845070422535,0.028169014084507,0,0,0,0.0140845070422535,0,0,0,0,0,0.0140845070422535,0.028169014084507,0,0,0,0.0140845070422535,0,0.0140845070422535,0.0140845070422535,0.028169014084507,0.0563380281690141
2.02638888888889,3.5375,1,0,0,0.0714285714285714,0,0.0714285714285714,0,0,0,0,0,0,0,0.706255336512685,0,0,0,0,0,0,0,0.1,0,0,0,0,0,0.0285714285714286,0.0142857142857143,0,0,0,0.0142857142857143,0.0142857142857143,0,0,0,0,0,0,0.0142857142857143,0,0,0,0.0285714285714286,0,0,0,0,0.0142857142857143,0,0,0,0,0,0.0142857142857143,0,0.0142857142857143,0.0142857142857143,0,0,0,0,0,0.0142857142857143,0.0285714285714286,0,0,0,0,0,0,0.0142857142857143,0,0,0,0,0,0.0142857142857143,0,0,0,0.0428571428571429,0.0142857142857143,0,0,0,0,0,0,0.0571428571428571,0,0,0,0.0285714285714286,0,0,0,0,0,0,0
11.7201388888889,16.3743055555556,1,1,0,0,0,0,0,0,0.107142857142857,0,0.142857142857143,0,0,2.46130863466644,0,0,0,0,0,0,0,0,0,0,0,0,0,0,0,0,0,0,0,0,0,0,0,0,0,0,0,0.107142857142857,0.107142857142857,0,0,0,0,0,0,0,0,0,0,0,0,0,0,0,0,0,0,0,0.0357142857142857,0,0,0,0,0,0,0,0,0,0,0,0,0,0,0,0.107142857142857,0,0,0,0,0.107142857142857,0.107142857142857,0,0,0,0,0,0.0357142857142857,0,0,0,0,0,0,0.0714285714285714,0.0357142857142857,0.0714285714285714,0,0
11.7236111111111,16.375,1,1,0,0,0,0,0,0,0,0,0,0,0,2.46160485197362,0.0588235294117647,0,0,0.0588235294117647,0,0,0,0,0,0,0,0,0,0,0,0,0,0,0,0,0,0,0,0,0,0,0,0,0,0,0,0,0,0,0,0,0,0,0,0,0,0,0,0,0,0,0,0,0,0,0,0,0,0,0,0.0588235294117647,0.0588235294117647,0,0,0,0,0,0,0,0,0,0.0588235294117647,0,0,0,0,0,0,0,0,0,0.0588235294117647,0,0,0,0,0,0,0.0588235294117647,0.0588235294117647,0.0588235294117647,0,0
17.8465277777778,18.3784722222222,1,1,0,0,0,0,0.0434782608695652,0,0,0,0.0869565217391304,0,0,2.8818089670504,0.0434782608695652,0,0,0,0,0,0.0434782608695652,0,0,0,0,0,0,0,0,0,0,0,0,0,0,0,0,0,0,0,0,0,0,0,0.0434782608695652,0.0434782608695652,0,0,0,0,0,0,0,0,0,0,0,0,0,0,0.0434782608695652,0,0,0,0,0,0,0,0,0,0,0,0,0,0,0,0,0,0,0,0,0,0,0,0,0,0,0,0.0869565217391304,0.0434782608695652,0.0434782608695652,0,0,0.0869565217391304,0,0,0,0.0869565217391304,0,0.0869565217391304,0.0434782608695652,0
49.1340277777778,60.5131944444444,1,1,0,0,0,0.0869565217391304,0.0434782608695652,0,0.0434782608695652,0,0.0869565217391304,0,0,3.89455182486332,0.0217391304347826,0,0,0,0,0,0,0.0869565217391304,0,0,0,0,0,0,0,0,0,0,0,0,0,0,0,0,0,0,0,0.0434782608695652,0.0434782608695652,0,0.0217391304347826,0.0434782608695652,0,0,0,0,0,0,0,0,0,0,0,0,0,0,0,0,0.0217391304347826,0,0,0,0,0,0.0652173913043478,0,0,0,0,0,0,0,0,0,0.0434782608695652,0,0,0.0434782608695652,0,0.0434782608695652,0.0434782608695652,0,0,0,0,0,0.108695652173913,0,0,0,0,0,0,0.0652173913043478,0.0434782608695652,0.0652173913043478,0.0434782608695652,0
49.1326388888889,25.55625,1,1,0,0,0,0,0.05,0,0,0,0.1,0,0,3.89452355711117,0.05,0,0,0,0,0,0.05,0,0,0,0,0,0,0,0,0,0,0,0,0,0,0,0,0,0,0,0,0,0,0,0.05,0.05,0,0,0,0,0,0,0,0,0,0,0,0,0,0,0.05,0,0,0,0,0,0,0,0,0,0,0,0,0,0,0,0,0,0.2,0,0,0,0,0.2,0,0,0,0,0.15,0.05,0.05,0,0,0.15,0,0,0,0.1,0,0.1,0.05,0
44.9180555555556,62.5166666666667,1,1,0,0,0.0588235294117647,0.0588235294117647,0,0.0588235294117647,0,0,0,0,0,3.80483984210243,0.0588235294117647,0,0,0.0588235294117647,0,0,0,0.0588235294117647,0,0,0,0,0,0,0,0,0,0,0,0,0,0,0,0,0,0,0,0,0,0,0,0,0,0,0,0,0,0,0,0,0,0,0,0,0,0,0,0,0,0,0,0,0,0,0,0.0588235294117647,0.0588235294117647,0.0588235294117647,0,0,0,0,0,0,0,0,0.0588235294117647,0,0,0,0,0,0,0,0,0,0.117647058823529,0,0,0,0,0,0,0.0588235294117647,0,0.0588235294117647,0,0.0588235294117647
21.0430555555556,25.5590277777778,1,1,0,0,0.1,0.1,0,0.1,0,0,0,0,0.1,3.04657060334973,0.1,0,0,0,0,0,0,0.1,0,0,0,0,0,0,0,0,0,0,0,0,0,0,0,0,0,0,0,0,0,0,0,0,0,0,0,0,0,0,0,0,0,0,0,0,0,0,0,0,0,0,0,0,0,0,0,0.1,0,0.1,0,0,0,0,0,0,0,0,0.1,0,0,0,0,0,0,0,0,0,0.2,0,0,0,0,0,0,0.1,0,0.1,0,0.1
49.1368055555556,25.5597222222222,1,1,0,0,0.0909090909090909,0.0909090909090909,0,0.0909090909090909,0,0,0,0,0.0909090909090909,3.89460835797053,0.0909090909090909,0,0,0,0,0,0,0.0909090909090909,0,0,0,0,0,0,0,0,0,0,0,0,0,0,0,0,0,0,0,0,0,0,0,0,0,0,0,0,0,0,0,0,0,0,0,0,0,0,0,0,0,0,0,0,0,0,0,0.0909090909090909,0,0.0909090909090909,0,0,0,0,0,0,0,0,0.0909090909090909,0,0,0,0,0,0,0,0,0,0.181818181818182,0,0,0,0,0,0,0.0909090909090909,0,0.0909090909090909,0,0.0909090909090909
49.1430555555556,61.5194444444444,1,1,0,0,0.1,0.1,0,0.1,0,0,0.1,0,0.1,3.89473554577763,0.1,0,0,0.1,0,0,0,0.1,0,0,0,0,0,0,0,0,0,0,0,0,0,0,0,0,0,0,0,0,0,0,0,0,0,0,0,0,0,0,0,0,0.1,0,0,0,0,0,0,0,0,0,0,0,0,0,0,0.1,0.1,0.1,0,0,0,0,0,0,0,0,0.1,0,0,0,0,0,0,0,0,0,0.2,0,0,0,0,0,0,0.1,0,0.1,0,0.1
46.0479166666667,65.5208333333333,1,1,0,0,0.0952380952380952,0,0.0476190476190476,0,0,0,0,0,0,3.82968252099751,0.0476190476190476,0,0,0,0,0,0,0,0,0.0476190476190476,0,0,0,0,0,0,0,0,0,0,0,0,0,0,0,0,0,0,0,0,0,0,0,0,0.0476190476190476,0,0,0,0,0,0,0,0,0.0476190476190476,0,0,0,0,0,0,0,0,0,0,0,0,0,0,0.0476190476190476,0,0,0,0,0,0,0,0,0.0476190476190476,0,0,0,0,0.0476190476190476,0,0,0,0.0476190476190476,0,0,0,0,0,0,0.0476190476190476,0.0476190476190476,0.0476190476190476,0.0476190476190476,0.0476190476190476
54.05,14.5951388888889,0,0,0,0,0.02,0,0,0,0,0.06,0,0,0,3.98990954408522,0,0,0,0,0,0,0,0.04,0,0,0,0,0,0,0.02,0.1,0.04,0.02,0,0,0,0,0.06,0,0,0,0,0,0,0,0,0,0,0,0,0,0,0,0,0,0,0,0,0,0,0,0.02,0,0,0,0,0,0,0.1,0,0,0,0,0,0,0,0,0,0,0,0,0,0,0,0,0,0,0,0,0,0,0.04,0,0,0,0,0,0,0,0,0,0,0
50.8131944444444,6.23819444444444,1,0,0,0.0555555555555556,0,0,0,0,0.0277777777777778,0,0,0,0,3.92815605401797,0,0,0,0,0,0,0,0,0,0.0277777777777778,0,0,0,0,0,0,0,0,0,0,0,0,0,0,0,0,0.0277777777777778,0,0,0,0,0,0,0,0,0,0,0,0,0,0,0,0,0.0277777777777778,0.0277777777777778,0,0,0,0,0,0,0,0,0,0,0,0,0,0.0833333333333333,0,0,0,0,0,0,0,0,0,0,0,0,0,0.0277777777777778,0,0,0.0277777777777778,0,0,0,0,0,0,0,0,0,0,0,0
52.9618055555556,10.3861111111111,0,0,0,0.0491803278688525,0,0,0,0,0,0,0,0,0,3.96957100386399,0,0,0,0,0,0,0,0,0,0,0,0,0,0,0,0,0,0,0,0.0163934426229508,0,0,0.0327868852459016,0,0,0,0,0,0,0,0,0,0.0163934426229508,0,0,0.0327868852459016,0,0,0,0,0,0.0163934426229508,0,0,0,0,0,0,0,0,0,0,0,0,0,0,0,0,0,0,0,0,0.0163934426229508,0,0,0,0,0,0,0,0,0,0,0.0163934426229508,0,0,0,0,0.0163934426229508,0,0,0,0,0,0,0,0,0
53.0479166666667,16.4715277777778,0,0,0,0.0769230769230769,0,0,0,0,0,0,0,0,0,3.97119559316099,0,0,0,0,0,0,0,0,0,0,0,0.0384615384615385,0,0,0,0,0,0,0,0,0,0,0,0,0,0,0,0,0,0,0,0,0,0,0,0.0384615384615385,0,0,0,0,0,0,0,0,0,0,0,0,0,0,0.0384615384615385,0,0,0,0,0,0,0,0,0,0,0,0,0,0,0,0,0,0,0,0,0,0.0384615384615385,0,0,0.0384615384615385,0,0,0,0,0,0,0,0,0,0,0,0
53.0881944444444,10.5125,0,1,0,0.00598802395209581,0.0179640718562874,0.00598802395209581,0.0119760479041916,0.0359281437125748,0,0.00598802395209581,0.029940119760479,0,0.0119760479041916,3.971954576683,0.0179640718562874,0.0119760479041916,0.0239520958083832,0,0,0,0.00598802395209581,0.00598802395209581,0.0119760479041916,0,0.029940119760479,0,0,0,0,0,0,0,0.00598802395209581,0.00598802395209581,0,0,0,0,0.0119760479041916,0.0119760479041916,0,0,0,0,0.0119760479041916,0.00598802395209581,0.00598802395209581,0,0,0,0,0,0,0,0.0119760479041916,0.00598802395209581,0,0,0,0,0,0.00598802395209581,0,0.0538922155688623,0.00598802395209581,0,0,0,0,0,0.0119760479041916,0.0119760479041916,0,0,0.029940119760479,0,0.00598802395209581,0,0,0,0.0479041916167665,0,0,0,0.00598802395209581,0.0538922155688623,0,0.00598802395209581,0,0.00598802395209581,0,0,0.00598802395209581,0,0,0,0.11377245508982,0,0.029940119760479,0.00598802395209581,0.00598802395209581,0.0119760479041916
19.9631944444444,9.39375,0,0,0,0,0.036144578313253,0,0,0,0.036144578313253,0,0,0,0,2.99389030038475,0,0,0,0,0,0,0,0,0,0,0,0,0,0,0,0,0,0,0,0,0,0,0,0,0.0240963855421687,0,0,0,0.0481927710843374,0,0,0,0,0,0.0481927710843374,0,0,0,0,0,0,0,0,0,0.0120481927710843,0,0,0,0,0,0,0,0,0,0.0120481927710843,0.0481927710843374,0,0,0,0,0,0,0,0,0,0,0,0,0,0,0.0120481927710843,0,0.0120481927710843,0.0120481927710843,0,0,0.0120481927710843,0.0120481927710843,0,0,0.072289156626506,0,0,0,0,0,0,0
54.0159722222222,9.44236111111111,0,1,0,0.03125,0.03125,0,0,0,0.03125,0,0.15625,0.03125,0,3.98927978472244,0,0,0,0,0,0,0,0,0,0,0,0,0,0,0.03125,0,0,0,0.03125,0,0,0,0,0.03125,0,0,0,0,0,0.09375,0,0,0,0,0,0,0,0,0,0,0,0,0,0,0,0,0,0,0.0625,0,0,0,0,0,0,0,0,0,0,0,0,0.03125,0,0.03125,0,0,0,0,0,0,0.0625,0,0,0,0,0,0,0,0,0,0,0.03125,0,0,0.09375,0,0,0.03125
1.92638888888889,17.2902777777778,1,0,0,0.0208333333333333,0,0,0,0,0.0833333333333333,0,0.0416666666666667,0,0,0.655647208304731,0,0,0,0,0,0,0,0,0,0,0,0,0,0,0,0,0,0,0,0,0,0,0,0,0,0,0,0.0833333333333333,0.0208333333333333,0.0208333333333333,0,0,0,0,0,0,0,0,0,0,0,0,0,0,0,0,0,0,0,0,0,0.0208333333333333,0,0,0.0208333333333333,0,0,0,0,0,0,0,0,0,0.145833333333333,0,0,0,0.0208333333333333,0.166666666666667,0.0833333333333333,0,0,0,0,0,0,0,0,0,0,0,0,0,0,0,0,0
54.8965277777778,21.3201388888889,0,1,0,0.02,0.02,0,0.02,0.04,0,0,0.04,0,0.04,4.00545010020894,0,0.04,0,0,0,0.04,0,0,0,0,0,0,0,0,0,0,0,0,0,0,0,0,0,0,0,0,0,0,0,0,0,0,0,0,0,0,0.06,0.04,0,0,0,0,0,0,0,0,0,0.02,0.02,0,0,0,0,0,0,0,0,0,0,0,0.04,0.02,0,0,0,0.04,0.04,0.02,0,0,0,0.02,0.04,0,0,0.02,0,0,0,0,0,0.02,0,0,0.02,0,0.02,0.06
9.81736111111111,51.3006944444444,0,1,0,0.0606060606060606,0,0,0,0,0,0,0.0151515151515152,0,0,2.28415236029699,0,0,0,0,0.0303030303030303,0,0,0,0,0,0,0.0151515151515152,0,0,0.0151515151515152,0,0,0,0.0454545454545455,0,0,0,0,0.0151515151515152,0,0,0,0,0,0,0,0,0,0,0,0.0151515151515152,0,0.0151515151515152,0,0,0,0,0,0,0.0303030303030303,0,0,0,0,0,0,0,0,0,0,0,0,0,0,0.0454545454545455,0,0,0.0303030303030303,0.0151515151515152,0,0,0,0,0,0,0,0,0.0151515151515152,0.0303030303030303,0.0151515151515152,0,0,0,0.0303030303030303,0.0151515151515152,0.0151515151515152,0,0,0,0.0151515151515152,0,0,0
15.9361111111111,10.4625,0,1,0,0,0.0357142857142857,0,0.142857142857143,0,0.0357142857142857,0,0.0714285714285714,0.0357142857142857,0,2.76858767315172,0,0,0,0,0,0,0,0,0,0,0,0.0357142857142857,0,0,0,0,0,0,0,0,0,0,0,0,0,0,0,0,0,0,0.0357142857142857,0,0,0,0,0,0,0,0,0,0.0357142857142857,0,0,0,0,0,0,0.0357142857142857,0.0357142857142857,0,0.0357142857142857,0,0,0,0,0,0,0,0,0,0.0357142857142857,0.0357142857142857,0,0,0,0,0,0.0357142857142857,0,0,0,0,0,0,0,0.0357142857142857,0,0,0,0,0,0.0357142857142857,0,0.0714285714285714,0.0357142857142857,0.0357142857142857,0.142857142857143,0.0357142857142857
55.1402777777778,13.5652777777778,0,1,0,0.0227272727272727,0.0227272727272727,0,0,0,0,0,0.0454545454545455,0.0454545454545455,0,4.00988044326482,0,0,0,0,0,0,0,0,0,0,0,0.0227272727272727,0,0,0,0,0,0,0,0,0,0,0,0,0,0,0,0,0,0.0227272727272727,0,0,0,0,0,0,0,0,0,0,0.0227272727272727,0,0,0,0.0227272727272727,0,0.0227272727272727,0.0227272727272727,0,0,0,0,0,0,0,0,0,0,0,0,0.0227272727272727,0.0227272727272727,0,0.0227272727272727,0,0,0,0,0,0,0,0,0,0,0.113636363636364,0,0,0.0227272727272727,0,0.113636363636364,0,0.0227272727272727,0,0.0227272727272727,0,0,0,0.0227272727272727
56.8152777777778,14.2402777777778,1,0,0,0,0.0571428571428571,0,0,0.0285714285714286,0.0285714285714286,0,0,0,0,4.0398052645207,0,0,0,0,0,0,0,0,0,0,0,0,0.0571428571428571,0,0,0,0.0285714285714286,0,0,0.0285714285714286,0,0.0285714285714286,0,0,0,0,0,0,0,0,0,0,0.0285714285714286,0,0,0.0285714285714286,0.0857142857142857,0,0,0,0,0.0285714285714286,0.0285714285714286,0,0,0,0,0,0,0,0,0,0,0,0,0,0,0.0285714285714286,0,0,0,0,0.0285714285714286,0,0,0,0,0,0,0,0.0285714285714286,0.0285714285714286,0,0.0285714285714286,0,0.0285714285714286,0,0.0285714285714286,0,0,0,0,0,0,0,0,0,0
58.9131944444444,20.3375,1,1,0,0.0684931506849315,0.0273972602739726,0,0.0273972602739726,0,0,0,0.0821917808219178,0.0136986301369863,0,4.07606507990699,0,0,0,0,0.0273972602739726,0,0,0,0,0,0,0,0,0,0,0,0,0,0,0.0410958904109589,0,0,0,0,0,0,0,0,0,0,0,0.0136986301369863,0.0410958904109589,0,0.0136986301369863,0,0,0.0273972602739726,0.0136986301369863,0,0,0.0410958904109589,0,0,0,0.0273972602739726,0.0136986301369863,0.0273972602739726,0,0,0,0.0136986301369863,0,0,0,0.0136986301369863,0,0,0.0136986301369863,0,0,0.0273972602739726,0,0,0,0,0,0.0136986301369863,0.0136986301369863,0,0,0,0.0273972602739726,0,0,0,0,0.0273972602739726,0,0,0,0.0410958904109589,0,0.0136986301369863,0.0136986301369863,0.0136986301369863,0.0273972602739726,0.0136986301369863
60.7798611111111,18.2055555555556,0,1,0,0,0.0571428571428571,0,0,0.0571428571428571,0.0285714285714286,0,0.0285714285714286,0,0,4.10725850237763,0,0,0,0,0,0,0,0,0,0,0,0,0,0,0,0,0,0,0.0285714285714286,0,0,0,0,0,0,0,0,0,0,0,0,0,0,0,0,0,0,0,0.0285714285714286,0,0,0,0,0.0285714285714286,0,0,0,0.0571428571428571,0,0,0,0,0,0,0,0.0285714285714286,0,0.0285714285714286,0,0,0,0,0,0.0285714285714286,0,0,0,0,0,0,0,0,0,0,0,0,0,0,0,0,0,0,0,0.0285714285714286,0.0285714285714286,0.0285714285714286,0,0
60.8305555555556,18.25625,0,1,0,0.0294117647058824,0.0588235294117647,0,0,0,0.0294117647058824,0.0294117647058824,0.0588235294117647,0.0294117647058824,0,4.10809222121143,0,0,0,0,0,0,0,0,0,0,0,0,0,0,0,0,0,0,0.0294117647058824,0.0294117647058824,0,0,0,0.0294117647058824,0,0,0,0,0,0,0,0,0.0294117647058824,0,0,0,0,0,0.0294117647058824,0,0,0.0294117647058824,0,0,0,0,0.0294117647058824,0.0588235294117647,0,0,0,0,0,0,0,0,0,0,0,0,0,0,0,0.0294117647058824,0,0,0,0,0,0,0,0,0.0588235294117647,0,0,0,0,0,0.0294117647058824,0,0,0,0,0,0,0,0,0.0294117647058824
25.6173611111111,15.2020833333333,0,1,0,0,0,0,0,0.0588235294117647,0,0.0588235294117647,0,0,0,3.24327029003602,0,0,0,0,0,0,0,0,0,0,0,0,0,0,0,0,0,0,0.0588235294117647,0.0588235294117647,0,0,0,0,0,0,0,0,0,0,0,0,0,0,0,0,0,0,0,0,0,0.0588235294117647,0,0.0588235294117647,0,0,0,0,0,0,0,0,0,0,0,0,0,0.0588235294117647,0,0,0,0,0,0,0,0,0,0,0,0,0,0,0,0,0,0,0,0,0.0588235294117647,0,0,0,0,0,0,0,0,0.0588235294117647
61.9041666666667,28.3284722222222,0,0,0,0.04,0.02,0,0,0.02,0,0,0.02,0.02,0.02,4.12558749029536,0.02,0.02,0,0,0,0,0,0,0,0,0,0,0,0,0,0,0,0,0.04,0,0,0,0,0,0,0,0,0,0,0,0,0,0,0,0,0,0,0,0,0,0.02,0,0,0,0,0,0,0,0,0,0,0,0,0,0.04,0.04,0,0,0,0,0.02,0,0.02,0,0,0,0,0,0,0,0.02,0,0,0.02,0,0,0,0,0,0,0,0,0,0.02,0.02,0,0,0
0.989583333333333,2.53680555555556,0,0,0,0,0,0,0,0,0,0,0,0,0,-0.0104712998672954,0,0,0,0,0,0,0,0,0,0,0,0,0,0,0,0,0,0,0,0,0,0,0,0,0,0,0,0,0,0,0,0,0,0,0,0,0,0,0,0,0,0,0,0,0,0,0,0,0,0,0,0,0,0,0,0.0555555555555556,0,0,0.0555555555555556,0,0,0,0,0,0,0,0,0,0,0,0,0,0.166666666666667,0,0.0555555555555556,0,0,0,0,0.0555555555555556,0,0,0,0,0,0,0,0
27.9569444444444,2.53958333333333,0,0,0,0.117647058823529,0,0,0,0,0,0,0,0,0,3.33066562829093,0,0,0,0,0,0,0,0,0,0,0,0,0,0,0,0,0,0,0,0,0,0,0,0,0,0,0,0,0,0,0,0,0,0,0,0,0,0,0,0,0,0,0,0,0,0,0,0,0,0,0,0,0,0,0,0.0588235294117647,0,0,0.0588235294117647,0,0,0,0,0,0,0,0,0,0,0,0.0588235294117647,0,0.0588235294117647,0,0,0,0,0,0,0,0,0,0,0,0,0,0,0
62.1048611111111,28.58125,0,0,0,0.0294117647058824,0,0,0,0,0,0,0,0,0,4.12882426463766,0,0,0,0,0.0147058823529412,0,0,0.0294117647058824,0,0,0,0.0147058823529412,0,0,0,0,0.0441176470588235,0,0,0,0,0.0147058823529412,0,0,0,0,0,0,0,0,0,0,0,0,0.0147058823529412,0,0,0,0,0,0,0,0,0.0147058823529412,0.0147058823529412,0.0294117647058824,0,0,0,0,0,0,0,0.0294117647058824,0,0,0,0,0.0147058823529412,0.0294117647058824,0,0,0,0,0,0,0,0,0,0,0,0,0,0,0,0,0.0294117647058824,0,0,0,0,0,0,0,0,0,0,0
62.9736111111111,17.4,0,1,0.0777777777777778,0.0555555555555556,0,0.0111111111111111,0,0,0,0,0,0,0,4.14271576738826,0,0,0,0,0,0.0111111111111111,0,0.0222222222222222,0,0.0777777777777778,0,0,0,0,0,0,0.0111111111111111,0,0.0333333333333333,0,0,0,0,0,0,0,0,0,0,0,0,0,0,0,0.0222222222222222,0,0,0,0.0333333333333333,0,0,0,0,0,0,0,0,0,0,0,0,0,0,0,0,0.0111111111111111,0,0,0.0777777777777778,0,0,0,0,0,0,0.0222222222222222,0,0,0,0,0,0,0,0.0111111111111111,0,0.0111111111111111,0.0111111111111111,0,0,0,0.0333333333333333,0,0,0,0.0444444444444444,0,0,0
28.8506944444444,2.43402777777778,0,0,0,0,0,0,0,0,0.0307692307692308,0,0.0153846153846154,0.0153846153846154,0,3.36213406352904,0,0,0,0,0,0,0,0,0,0,0,0,0,0,0.0461538461538462,0,0,0,0,0,0,0.0153846153846154,0,0,0,0,0,0,0,0,0,0,0,0.0153846153846154,0,0,0,0,0,0,0.0153846153846154,0,0,0,0.0615384615384615,0,0,0,0,0,0.0153846153846154,0,0,0,0,0,0,0,0.0153846153846154,0,0.0153846153846154,0,0.0153846153846154,0,0,0,0,0,0,0,0,0,0,0.0153846153846154,0,0.0307692307692308,0,0,0,0,0,0,0,0.0153846153846154,0,0,0,0
64.14375,41.5673611111111,1,0,0,0,0,0,0,0,0,0,0.0384615384615385,0.0192307692307692,0,4.16112665841189,0,0,0,0,0,0,0,0,0,0,0,0,0,0,0,0,0,0,0,0,0,0,0,0,0,0,0,0,0,0,0,0.0384615384615385,0,0,0.0192307692307692,0,0,0,0,0,0.0192307692307692,0,0,0,0,0,0,0,0.0192307692307692,0,0,0,0,0,0,0,0,0,0,0,0.0192307692307692,0,0,0,0.0384615384615385,0,0,0,0,0.0384615384615385,0,0,0,0,0.115384615384615,0.0384615384615385,0,0,0,0.115384615384615,0,0,0,0.0192307692307692,0,0,0,0
30.6284722222222,7.21111111111111,0,1,0,0,0,0,0,0,0,0,0,0,0,3.42193004112282,0,0,0,0,0,0,0,0,0,0,0,0,0,0,0,0,0,0,0,0,0,0,0,0,0,0,0,0,0,0,0,0,0,0,0,0,0,0,0.2,0,0,0,0,0.2,0,0,0,0,0,0,0,0,0,0,0,0,0,0,0,0,0,0,0,0,0,0,0,0,0,0,0,0,0,0,0,0,0,0,0,0,0,0,0,0,0,0,0,0
64.8145833333333,17.2513888888889,0,1,0,0,0.0185185185185185,0,0,0,0,0,0.111111111111111,0.0185185185185185,0,4.17153062947828,0.0185185185185185,0,0,0,0,0,0,0,0,0,0,0,0,0,0,0,0,0,0,0,0,0,0.0740740740740741,0,0,0,0,0,0,0,0,0,0,0,0,0,0,0,0,0,0.0555555555555556,0,0,0,0,0,0,0,0.0185185185185185,0,0,0,0.0740740740740741,0,0,0.0185185185185185,0.0555555555555556,0,0,0,0,0,0,0,0,0,0,0,0,0,0,0,0,0,0,0,0,0,0,0,0,0,0,0.0555555555555556,0.0185185185185185,0.0740740740740741,0,0.0185185185185185
64.9027777777778,20.3291666666667,0,1,0,0.0666666666666667,0.0666666666666667,0,0,0,0,0,0,0,0,4.17289042368437,0,0,0,0,0.0666666666666667,0,0,0,0,0,0,0,0,0,0,0,0,0,0,0,0,0,0,0,0,0,0,0,0,0,0,0,0,0,0,0,0,0,0,0,0,0,0,0,0,0,0,0,0,0,0,0,0,0,0,0,0,0,0,0,0,0,0,0,0,0,0,0,0,0,0.0666666666666667,0,0,0,0,0,0,0,0,0,0,0,0,0,0,0,0,0
64.9083333333333,13.3451388888889,0,1,0,0.0155038759689922,0,0.00775193798449612,0.00775193798449612,0.116279069767442,0,0.00775193798449612,0.0930232558139535,0,0.10077519379845,4.1729760181379,0.0930232558139535,0.0930232558139535,0.00775193798449612,0,0,0.0155038759689922,0.00775193798449612,0.0155038759689922,0.0155038759689922,0,0.0310077519379845,0,0,0,0,0,0,0,0.0155038759689922,0,0,0,0,0,0,0.0232558139534884,0,0,0,0,0,0,0,0,0,0,0,0,0,0,0.0232558139534884,0,0,0,0,0,0,0,0,0.0465116279069767,0.00775193798449612,0,0,0,0,0,0.0232558139534884,0.062015503875969,0,0,0.0387596899224806,0,0,0,0,0.0155038759689922,0.0542635658914729,0.00775193798449612,0,0,0.00775193798449612,0.0697674418604651,0,0,0,0,0.00775193798449612,0.00775193798449612,0.0155038759689922,0,0,0,0.116279069767442,0.0387596899224806,0.0155038759689922,0.0387596899224806,0.00775193798449612,0.0310077519379845
30.8527777777778,10.4354166666667,0,0,0,0.0606060606060606,0.0303030303030303,0,0,0.0303030303030303,0,0.0909090909090909,0,0,0,3.42922678771696,0,0,0,0.0303030303030303,0,0,0,0,0,0,0,0,0,0,0,0,0,0,0,0,0,0,0,0.0909090909090909,0,0,0,0,0,0.0303030303030303,0,0.0303030303030303,0,0,0,0,0,0.0606060606060606,0,0,0,0,0,0,0,0,0.0303030303030303,0.0303030303030303,0,0,0,0,0,0,0,0,0,0.0303030303030303,0.0303030303030303,0,0,0,0,0,0,0,0,0,0,0,0,0,0.0606060606060606,0,0,0.0606060606060606,0,0,0,0,0,0,0,0,0,0,0,0
14.8875,23.3527777777778,0,1,0,0.03125,0.03125,0,0.03125,0,0,0,0.0625,0.03125,0,2.70052193468142,0,0,0,0,0,0,0,0,0,0,0,0,0,0,0,0.03125,0,0,0,0,0.03125,0,0,0,0,0,0,0,0,0,0,0,0,0,0,0,0,0,0,0,0,0,0,0,0,0,0,0.03125,0,0,0.03125,0,0,0,0,0,0,0,0,0.03125,0,0.03125,0,0.03125,0.03125,0,0,0.03125,0,0.03125,0.03125,0,0.125,0,0.0625,0,0,0.0625,0,0.0625,0,0.03125,0,0,0.03125,0,0.03125,0.0625
15.7715277777778,23.3666666666667,0,1,0,0.0175438596491228,0.0175438596491228,0,0.0175438596491228,0,0,0,0.0526315789473684,0.0175438596491228,0,2.75820627502555,0,0,0,0,0,0,0,0,0,0,0,0.0350877192982456,0,0,0,0.0175438596491228,0,0.0175438596491228,0,0,0.0175438596491228,0,0,0,0,0,0,0,0,0,0,0,0,0,0,0,0,0,0,0,0,0,0,0,0,0,0.0175438596491228,0.0175438596491228,0,0,0,0,0,0,0,0,0,0,0,0.0175438596491228,0,0.0175438596491228,0,0.0175438596491228,0.0175438596491228,0,0,0.0175438596491228,0,0.0175438596491228,0.0175438596491228,0,0.0526315789473684,0,0.087719298245614,0,0,0.0175438596491228,0,0.087719298245614,0,0.0175438596491228,0,0,0.0526315789473684,0,0.0175438596491228,0.0350877192982456
9.875,12.4333333333333,0,1,0,0.0784313725490196,0,0,0.0686274509803922,0,0.0392156862745098,0.117647058823529,0.0784313725490196,0,0,2.29000631078719,0,0,0,0,0,0,0,0,0,0,0,0,0,0,0,0,0,0,0.0392156862745098,0,0,0.00980392156862745,0,0.117647058823529,0.00980392156862745,0,0,0.00980392156862745,0,0,0,0,0,0.0196078431372549,0,0,0,0,0,0.0392156862745098,0,0,0,0.00980392156862745,0,0,0,0,0,0,0,0,0,0,0,0,0,0,0,0.0196078431372549,0,0,0.0196078431372549,0,0,0,0,0.0686274509803922,0,0,0.00980392156862745,0,0,0.0196078431372549,0,0.00980392156862745,0,0,0.0392156862745098,0,0.0490196078431373,0,0,0.0784313725490196,0,0.0784313725490196,0.0686274509803922,0.00980392156862745
4.78680555555556,6.40486111111111,0,1,0,0,0,0,0,0,0,0,0,0,0,1.56586329031561,0,0,0,0,0,0,0,0,0,0,0,0,0,0,0,0,0,0,0,0,0,0,0,0,0,0,0,0,0,0,0,0,0,0,0,0,0,0.166666666666667,0,0,0,0,0,0,0,0,0,0,0,0,0,0,0,0,0,0,0,0,0,0,0,0,0,0,0,0,0,0,0,0,0,0,0.166666666666667,0,0,0,0,0,0,0,0,0,0,0,0.166666666666667,0,0,0
68.0493055555556,13.4861111111111,0,1,0,0.0149253731343284,0.0149253731343284,0.0149253731343284,0.0149253731343284,0.119402985074627,0,0,0.0298507462686567,0,0.0298507462686567,4.22023252413072,0,0.0298507462686567,0,0.0149253731343284,0,0.0298507462686567,0.0149253731343284,0.0298507462686567,0.0298507462686567,0,0,0,0.0298507462686567,0,0,0,0,0,0,0,0,0,0,0,0,0.0298507462686567,0,0,0,0.0298507462686567,0,0,0,0,0,0,0.0149253731343284,0,0,0,0,0,0,0,0,0,0,0.0149253731343284,0,0,0,0,0,0,0,0,0,0,0,0,0.0298507462686567,0.0149253731343284,0,0.0298507462686567,0,0.0298507462686567,0.0149253731343284,0.0149253731343284,0.0149253731343284,0,0,0.0447761194029851,0.0149253731343284,0,0,0,0.0149253731343284,0.0149253731343284,0.0298507462686567,0,0,0.0149253731343284,0.0895522388059701,0,0.0149253731343284,0,0.0149253731343284,0.0447761194029851
68.2013888888889,23.6277777777778,0,0,0,0.0769230769230769,0.0384615384615385,0,0,0,0,0,0.0769230769230769,0,0,4.22246492958177,0,0,0,0,0,0,0,0,0,0,0,0,0,0,0,0,0,0,0.0384615384615385,0,0,0.0384615384615385,0,0,0,0,0,0,0,0,0.0384615384615385,0.0384615384615385,0,0,0,0,0,0,0,0,0,0,0,0,0,0.0384615384615385,0,0.0384615384615385,0,0,0.0384615384615385,0.0384615384615385,0,0,0,0,0,0,0,0.0384615384615385,0,0,0.0384615384615385,0,0,0,0,0,0.0384615384615385,0,0,0,0,0.0384615384615385,0,0.0384615384615385,0,0,0,0,0,0,0,0,0.0384615384615385,0,0,0
1.10138888888889,6.39305555555556,0,1,0,0.285714285714286,0,0,0,0,0,0,0,0,0,0.0965720096247473,0,0,0,0,0,0,0,0,0,0,0,0,0,0,0,0,0,0,0,0,0,0,0,0,0,0,0,0,0,0,0,0.142857142857143,0,0,0,0,0,0,0,0,0,0,0,0,0,0,0,0,0,0,0,0,0,0,0,0,0,0,0,0,0,0,0,0,0.142857142857143,0,0,0,0,0.142857142857143,0,0,0,0,0.285714285714286,0,0,0,0,0.285714285714286,0,0,0,0,0,0,0,0
34.8729166666667,11.45625,0,0,0,0.055045871559633,0.00917431192660551,0,0,0.0642201834862385,0,0,0,0,0.0275229357798165,3.55171050120068,0.0275229357798165,0.0275229357798165,0.00917431192660551,0,0,0,0,0,0.00917431192660551,0,0.0275229357798165,0,0,0.00917431192660551,0,0,0,0,0,0,0,0,0,0.018348623853211,0.00917431192660551,0.00917431192660551,0.018348623853211,0,0,0,0,0,0,0.00917431192660551,0,0,0,0.018348623853211,0.00917431192660551,0,0,0,0,0,0,0.018348623853211,0,0.00917431192660551,0,0,0.018348623853211,0.00917431192660551,0,0,0,0.00917431192660551,0,0.0275229357798165,0.018348623853211,0,0,0,0,0,0,0,0,0,0.00917431192660551,0,0,0.0458715596330275,0.0275229357798165,0.00917431192660551,0,0,0,0,0.018348623853211,0,0,0,0.036697247706422,0,0,0,0,0
32.7631944444444,40.3576388888889,0,0,0.105769230769231,0.00961538461538462,0,0,0.134615384615385,0,0,0,0,0.0384615384615385,0.0384615384615385,3.4893057647452,0,0.0384615384615385,0,0,0,0,0,0,0,0.0480769230769231,0,0,0,0,0.00961538461538462,0,0,0,0,0,0,0,0,0.00961538461538462,0,0,0,0,0,0,0,0,0,0,0,0,0,0,0,0,0,0,0,0,0.00961538461538462,0,0,0,0,0,0,0,0,0,0,0,0,0,0.0384615384615385,0,0,0,0,0,0,0,0,0.163461538461538,0.00961538461538462,0,0,0,0,0,0,0,0.0384615384615385,0,0,0,0,0,0,0,0,0,0.134615384615385,0.0384615384615385
35.9583333333333,12.5416666666667,0,0,0,0,0,0,0,0,0,0,0,0,0,3.58236086073548,0,0,0,0,0,0,0,0,0,0,0,0,0,0,0.04,0,0,0.08,0,0,0,0,0,0,0,0,0,0,0,0,0,0,0,0,0,0,0,0,0,0,0,0,0,0,0.04,0,0,0,0,0,0,0,0,0.12,0,0,0,0,0,0,0,0,0,0,0,0,0,0,0,0,0,0,0,0,0,0,0,0,0,0,0,0,0,0,0,0,0,0
35.9659722222222,12.5493055555556,0,0,0,0,0,0,0,0,0,0,0,0,0,3.58257327540834,0,0,0,0,0,0,0,0,0,0,0,0,0,0,0.0666666666666667,0,0,0.0666666666666667,0,0,0,0,0.133333333333333,0,0,0,0,0,0,0,0,0,0,0,0,0,0,0,0,0,0,0,0,0,0.0666666666666667,0,0,0,0,0,0,0,0,0.2,0,0,0,0,0,0,0,0,0,0,0,0,0,0,0,0,0,0,0,0,0,0,0,0,0,0,0,0,0,0,0,0,0,0
75.1590277777778,5.56180555555556,0,0,0,0,0,0,0,0,0,0,0,0,0,4.31960623909409,0.0285714285714286,0,0,0.0285714285714286,0,0,0,0,0,0,0,0,0,0,0.0285714285714286,0,0,0.0285714285714286,0,0,0,0,0,0,0,0,0,0,0,0,0,0,0,0,0,0,0,0,0,0,0,0,0,0,0.0285714285714286,0,0,0,0,0,0,0,0,0.0857142857142857,0,0,0,0,0,0.0285714285714286,0,0,0,0,0,0,0.0285714285714286,0,0,0,0,0,0,0,0,0,0,0,0,0,0,0,0,0.0285714285714286,0,0.0285714285714286,0,0
4.01527777777778,3.60833333333333,0,1,0,0,0,0,0.0454545454545455,0,0,0,0,0,0,1.39010653000625,0,0,0,0,0,0,0,0,0,0,0,0,0,0,0,0,0,0,0,0.0454545454545455,0,0.0454545454545455,0,0,0,0,0,0,0,0,0,0,0.0454545454545455,0,0,0,0,0,0,0,0,0.0454545454545455,0,0,0,0,0,0,0,0,0,0,0,0,0.0909090909090909,0,0,0,0,0,0,0,0.0454545454545455,0,0,0,0,0.0454545454545455,0,0,0.0454545454545455,0,0,0.0454545454545455,0.0454545454545455,0.0454545454545455,0,0,0,0.0454545454545455,0,0,0,0,0.0454545454545455,0,0.0454545454545455,0.0454545454545455
11.1847222222222,20.6388888888889,0,1,0,0,0,0,0,0,0,0,0,0,0,2.41454875978544,0,0,0,0,0,0,0,0,0,0,0,0,0,0,0,0,0,0,0,0,0,0,0,0,0,0,0,0,0,0,0,0,0,0,0,0,0,0,0,0,0,0,0,0.0476190476190476,0,0,0,0,0,0,0.0476190476190476,0,0,0,0,0,0,0,0.0476190476190476,0,0,0,0,0,0,0,0,0,0.0476190476190476,0,0.0476190476190476,0,0,0,0,0,0,0,0,0,0,0,0,0,0.0952380952380952,0,0,0
12.5881944444444,4.20625,0,0,0,0.102040816326531,0.0204081632653061,0.0612244897959184,0.0204081632653061,0,0,0,0,0,0,2.53275942589287,0.0204081632653061,0,0,0,0,0,0,0.102040816326531,0,0,0,0,0,0.0408163265306122,0,0,0,0,0,0,0,0.0204081632653061,0,0,0,0,0,0,0,0,0,0,0,0,0,0,0,0,0,0,0,0,0,0,0,0,0,0.0204081632653061,0.0204081632653061,0,0,0.0204081632653061,0,0,0,0,0,0,0.0204081632653061,0,0,0.0204081632653061,0.0204081632653061,0,0,0,0,0.0204081632653061,0.0204081632653061,0,0,0,0,0.0204081632653061,0,0.0204081632653061,0.0612244897959184,0,0,0,0,0.0204081632653061,0,0.0204081632653061,0.0204081632653061,0.0204081632653061,0.0204081632653061,0
13.0076388888889,6.625,0,0,0,0.08,0.04,0,0,0,0,0,0,0,0,2.56553679172585,0,0,0,0,0,0,0,0,0,0,0,0,0,0,0,0,0,0,0,0,0,0,0,0,0,0,0,0,0,0,0,0,0,0,0,0,0,0,0.04,0,0,0,0,0,0,0,0,0.04,0,0,0,0,0,0,0,0,0,0,0,0,0,0.04,0,0,0,0,0,0,0,0,0,0,0,0,0,0.04,0,0.04,0,0,0,0.04,0,0,0,0,0,0
14.7326388888889,3.31041666666667,0,0,0,0,0,0,0.0833333333333333,0,0,0,0,0,0,2.69006536506638,0,0,0,0,0,0,0,0,0,0,0,0,0,0,0.0833333333333333,0,0,0,0,0,0,0,0,0,0,0,0,0,0,0,0,0,0,0,0,0,0,0,0,0,0,0,0,0,0.0833333333333333,0,0,0,0,0,0,0,0,0,0,0,0,0,0,0,0,0,0,0,0,0,0,0,0,0,0,0,0,0,0,0,0,0,0,0,0,0,0,0,0,0,0.0833333333333333,0
16.8305555555556,13.4486111111111,0,1,0,0.0555555555555556,0,0,0,0,0,0,0,0,0,2.82319601749483,0,0,0,0,0,0,0,0,0,0,0,0,0,0,0,0,0,0,0,0,0,0,0,0,0,0,0,0,0,0,0,0,0,0,0,0,0,0,0,0,0,0,0,0,0,0,0,0,0,0,0,0,0,0,0.0555555555555556,0,0,0,0,0,0,0,0,0,0.0555555555555556,0,0,0,0,0.0555555555555556,0,0,0,0,0,0,0,0,0,0,0,0,0,0,0.0555555555555556,0,0,0
2.18541666666667,10.5430555555556,0,0,0,0.0227272727272727,0,0,0,0,0.113636363636364,0,0,0,0,0.781806504494361,0,0,0,0,0,0,0,0,0,0,0,0.0227272727272727,0,0,0,0,0,0.0227272727272727,0.0227272727272727,0,0,0,0,0,0,0,0,0,0,0,0,0,0,0,0,0.0454545454545455,0,0,0,0,0,0,0,0.0227272727272727,0.0454545454545455,0,0,0,0,0,0,0.0227272727272727,0,0,0.0227272727272727,0,0,0,0,0,0,0,0,0,0.0227272727272727,0,0,0,0.0227272727272727,0.0227272727272727,0,0,0,0,0,0.0227272727272727,0,0,0,0,0,0,0,0,0.0227272727272727,0,0,0
18.8048611111111,23.4229166666667,1,1,0,0,0.0285714285714286,0,0,0.0857142857142857,0,0.0285714285714286,0,0,0.0285714285714286,2.93411540615246,0,0.0285714285714286,0,0,0.0285714285714286,0,0,0,0,0,0,0.0285714285714286,0,0,0,0,0,0,0,0,0,0,0,0.0285714285714286,0,0,0,0,0,0,0,0,0,0,0,0,0,0.0571428571428571,0,0,0,0,0,0,0,0,0,0.0285714285714286,0,0,0,0,0,0,0,0,0,0.0571428571428571,0,0.0285714285714286,0,0.0285714285714286,0,0.0285714285714286,0,0,0,0,0,0,0,0,0.0571428571428571,0,0,0,0,0.142857142857143,0,0,0,0.0285714285714286,0,0,0.0285714285714286,0,0,0.0285714285714286
82,44.4263888888889,1,1,0.037037037037037,0,0.037037037037037,0,0,0.0740740740740741,0,0,0,0,0.037037037037037,4.40671924726425,0,0.037037037037037,0,0,0.037037037037037,0,0,0,0,0,0,0,0,0,0,0,0,0,0,0,0,0,0,0,0,0,0,0,0,0,0,0.037037037037037,0,0,0,0,0.037037037037037,0.037037037037037,0,0,0,0,0,0,0,0,0,0.037037037037037,0,0,0.037037037037037,0,0,0,0,0.037037037037037,0,0.037037037037037,0,0,0,0.037037037037037,0,0.037037037037037,0,0,0,0,0,0,0,0,0.037037037037037,0,0,0.037037037037037,0,0.0740740740740741,0,0,0,0.037037037037037,0,0,0.037037037037037,0,0,0.037037037037037
22.0868055555556,29.5291666666667,0,0,0,0,0,0,0,0,0.0909090909090909,0,0,0,0,3.09498039654286,0,0,0,0,0,0,0,0,0,0,0,0,0,0,0,0,0,0,0,0,0,0,0,0,0,0,0.0909090909090909,0.0909090909090909,0,0,0,0,0,0,0,0,0,0,0,0,0,0,0,0,0,0,0,0,0,0,0,0,0,0,0,0,0,0,0,0,0,0,0,0,0,0,0,0,0,0,0.0909090909090909,0,0,0,0,0,0,0,0,0,0,0,0,0,0,0,0,0
14.7854166666667,-0.66875,0,0,0,0.125,0,0,0,0,0.0625,0.0625,0,0,0,2.69364133462305,0,0,0,0,0,0,0,0,0,0,0,0,0,0,0,0,0,0,0,0,0,0,0,0.0625,0,0,0,0,0,0.0625,0,0,0,0,0,0,0,0,0,0,0,0,0,0,0,0,0,0,0,0,0,0.0625,0,0,0,0,0,0,0,0,0,0,0,0,0.0625,0,0,0,0.0625,0.0625,0,0,0,0,0,0,0,0,0.0625,0,0,0,0,0,0.0625,0,0,0
10.9472222222222,1.58888888888889,0,1,0,0.0625,0,0,0,0,0,0.03125,0,0,0,2.39308574574485,0,0,0,0.03125,0,0,0,0.03125,0,0,0,0,0,0.03125,0,0,0.03125,0,0,0,0,0.03125,0,0.03125,0,0,0,0,0,0,0,0,0,0,0,0.0625,0,0,0,0,0,0,0,0.03125,0.03125,0,0,0,0,0,0,0,0,0.09375,0,0,0,0,0,0,0,0,0,0,0,0,0,0,0,0,0,0,0,0,0,0,0.03125,0,0,0,0,0,0,0,0.0625,0,0,0
0.942361111111111,2.26041666666667,0,1,0,0.0810810810810811,0,0.0810810810810811,0.0810810810810811,0,0,0,0.027027027027027,0,0,-0.0593667327351772,0,0,0,0,0,0,0,0.0810810810810811,0,0,0,0,0,0,0,0,0,0,0.027027027027027,0,0,0,0,0,0,0,0,0,0,0,0,0,0,0,0,0,0,0,0.027027027027027,0,0,0,0,0,0,0,0,0,0,0,0,0,0,0,0,0.027027027027027,0,0,0,0,0,0.027027027027027,0,0.027027027027027,0,0,0,0.0810810810810811,0,0,0,0,0,0,0.027027027027027,0.027027027027027,0.108108108108108,0,0,0.027027027027027,0.027027027027027,0.027027027027027,0,0,0,0,0.0810810810810811,0
29.7506944444444,24.3694444444444,0,1,0,0.0632911392405063,0.0126582278481013,0.0126582278481013,0.0126582278481013,0.0886075949367089,0,0,0.0126582278481013,0,0.0379746835443038,3.3928524743896,0.0253164556962025,0.0379746835443038,0.0253164556962025,0.0126582278481013,0,0.0253164556962025,0.0126582278481013,0.0253164556962025,0.0126582278481013,0,0,0,0.0253164556962025,0,0,0,0,0,0,0,0,0,0,0,0,0.0126582278481013,0,0,0,0.0126582278481013,0,0,0,0,0,0,0,0,0,0,0,0,0,0,0,0,0,0,0,0.0126582278481013,0,0.0126582278481013,0,0,0,0,0,0,0,0,0.0126582278481013,0,0,0.0379746835443038,0,0.0253164556962025,0,0.0126582278481013,0.0253164556962025,0,0.0126582278481013,0.0126582278481013,0,0,0,0,0.0126582278481013,0.0126582278481013,0.0253164556962025,0,0,0,0,0,0.0126582278481013,0.0126582278481013,0.0126582278481013,0.0506329113924051
29.7548611111111,24.3743055555556,0,1,0,0.0192307692307692,0.0192307692307692,0.0192307692307692,0.0192307692307692,0.0961538461538462,0,0,0.0384615384615385,0,0.0384615384615385,3.39299251733634,0,0.0384615384615385,0.0192307692307692,0,0,0.0384615384615385,0.0192307692307692,0.0384615384615385,0.0384615384615385,0,0,0,0.0384615384615385,0,0,0,0,0,0,0,0,0,0,0,0,0.0384615384615385,0,0,0,0.0192307692307692,0,0,0,0,0,0,0,0,0,0,0,0,0,0,0,0,0,0.0192307692307692,0,0,0,0,0,0,0,0,0,0,0,0,0.0384615384615385,0.0192307692307692,0,0.0384615384615385,0,0.0384615384615385,0,0.0192307692307692,0.0192307692307692,0,0,0.0192307692307692,0,0,0,0,0.0192307692307692,0.0192307692307692,0.0384615384615385,0,0,0.0192307692307692,0.0576923076923077,0,0.0192307692307692,0,0.0192307692307692,0.0576923076923077
30.7506944444444,23.3708333333333,1,0,0,0,0,0,0,0,0,0,0,0,0,3.42591257755669,0,0,0,0,0,0,0,0,0,0,0,0,0,0,0,0,0,0.0192307692307692,0.0192307692307692,0,0,0,0,0,0,0,0,0,0,0,0,0,0,0,0,0,0,0.0192307692307692,0,0,0,0,0.0192307692307692,0,0,0,0,0,0,0.0192307692307692,0,0,0,0,0,0.0192307692307692,0,0,0.0192307692307692,0,0,0,0,0,0,0,0,0,0,0,0,0.0192307692307692,0.0192307692307692,0,0,0.0192307692307692,0,0,0,0,0,0,0,0,0,0,0,0
31.7444444444444,20.3645833333333,1,1,0,0.0824742268041237,0,0,0.0721649484536082,0,0.0412371134020619,0.123711340206186,0.0824742268041237,0,0,3.45771773190051,0,0,0,0,0,0,0,0,0,0,0,0,0,0,0,0,0,0,0.0412371134020619,0,0,0.0103092783505155,0,0.123711340206186,0.0103092783505155,0,0,0.0103092783505155,0,0,0,0,0,0.0206185567010309,0,0,0,0,0,0.0412371134020619,0,0,0,0.0103092783505155,0,0,0,0,0,0,0,0,0,0,0,0,0,0,0,0.0206185567010309,0,0,0.0206185567010309,0,0,0,0,0.0721649484536082,0,0,0.0103092783505155,0,0,0.0206185567010309,0,0.0103092783505155,0,0,0.0412371134020619,0,0.0515463917525773,0,0,0.0824742268041237,0,0.0824742268041237,0.0721649484536082,0.0103092783505155
25.2090277777778,34.50625,0,1,0,0.0277777777777778,0.0555555555555556,0,0,0,0,0,0.0277777777777778,0.0277777777777778,0,3.22720217551282,0,0,0,0,0,0,0,0,0,0,0,0,0,0,0,0,0,0,0,0.0555555555555556,0.0555555555555556,0,0,0,0,0,0,0,0,0,0,0,0.0277777777777778,0,0,0,0,0,0,0,0,0.0555555555555556,0,0,0,0,0.0277777777777778,0.0277777777777778,0,0,0,0,0,0,0,0,0,0,0,0,0,0.0277777777777778,0,0,0.0555555555555556,0,0,0,0,0.0555555555555556,0,0,0.0277777777777778,0,0.0833333333333333,0,0,0.0277777777777778,0,0.0833333333333333,0,0.0555555555555556,0,0,0.0277777777777778,0,0,0.0555555555555556
15.00625,11.6006944444444,0,1,0,0.153846153846154,0,0,0.0769230769230769,0,0,0.0769230769230769,0,0,0,2.70846678098743,0,0,0,0,0,0,0,0,0,0,0,0,0,0,0,0,0,0,0.0769230769230769,0,0,0,0,0,0,0,0,0,0,0,0,0,0,0,0,0,0,0,0,0,0,0,0,0,0,0,0,0,0,0,0,0,0,0,0,0,0,0,0,0,0,0,0.0769230769230769,0,0,0,0,0.0769230769230769,0,0,0,0,0,0.0769230769230769,0,0,0,0,0,0,0.0769230769230769,0,0,0,0,0,0.0769230769230769,0.153846153846154
42.1125,6.32638888888889,0,1,0,0.0625,0,0,0,0,0,0,0,0,0,3.74034460873267,0,0,0,0,0,0,0,0,0,0,0,0,0,0.0208333333333333,0,0,0,0,0,0,0,0,0,0.0208333333333333,0,0,0,0,0,0,0,0,0,0,0.0208333333333333,0,0,0,0,0,0,0,0,0,0,0.0416666666666667,0,0,0,0,0.0416666666666667,0.0416666666666667,0,0,0,0,0,0,0,0.0833333333333333,0,0,0,0,0,0,0,0,0.0416666666666667,0,0.0416666666666667,0,0,0,0,0,0,0,0.0625,0,0,0,0,0,0,0,0,0
16.9569444444444,6.55208333333333,0,1,0,0.0862068965517241,0,0,0,0.0689655172413793,0.0172413793103448,0.0344827586206897,0.0172413793103448,0.0172413793103448,0.0172413793103448,2.83067745165875,0.0172413793103448,0.0172413793103448,0,0,0,0,0,0,0,0,0,0,0,0,0,0,0,0.0344827586206897,0.0517241379310345,0,0,0,0,0.0172413793103448,0,0,0,0,0,0,0,0.0344827586206897,0,0,0,0.0172413793103448,0,0,0.0172413793103448,0,0.0172413793103448,0,0,0,0,0,0,0,0,0,0,0,0,0,0,0,0,0.0689655172413793,0,0,0.0172413793103448,0,0,0,0,0,0,0,0,0,0,0,0,0,0,0,0,0,0,0,0.0344827586206897,0,0,0.0172413793103448,0,0,0,0
